passenger_count,tpep_pickup_datetime,tpep_dropoff_datetime,pickup_longitude,pickup_latitude,dropoff_longitude,dropoff_latitude,total_amount
1,2015-01-21 22:00:06,2015-01-21 22:16:44,-73.97993469238281,40.76554107666016,-74.01599884033203,40.71145248413086,23.76
5,2015-01-11 23:27:43,2015-01-11 23:54:51,-73.98670196533203,40.76673889160156,-73.83635711669923,40.706302642822266,42.3
1,2015-01-15 09:30:13,2015-01-15 09:36:13,-73.97531127929686,40.75532913208008,-73.96446990966798,40.757205963134766,8.15
1,2015-01-06 00:33:49,2015-01-06 00:56:25,-73.99139404296875,40.74969482421875,-73.98872375488281,40.69375991821289,31.56
1,2015-01-19 06:06:01,2015-01-19 06:16:11,-73.98719024658203,40.753299713134766,-73.98882293701173,40.728191375732415,11.3
1,2015-01-09 06:02:48,2015-01-09 06:11:13,-73.98789215087889,40.73815536499024,-73.97444915771484,40.7631721496582,10.8
1,2015-01-09 19:05:45,2015-01-09 19:17:00,-73.97029113769531,40.75341796875,-73.9652099609375,40.75841522216797,10.3
1,2015-01-01 21:02:33,2015-01-01 21:13:40,-73.98844146728516,40.723365783691406,-73.95895385742188,40.76376724243164,15.8
1,2015-01-05 15:54:45,2015-01-05 16:05:28,-73.94979858398438,40.77140426635742,-73.95196533203125,40.79036331176758,11.3
1,2015-01-10 02:00:45,2015-01-10 02:06:34,-73.97587585449217,40.78656768798828,-73.98242950439453,40.77543258666992,7.3
1,2015-01-11 14:03:49,2015-01-11 14:06:45,-73.95347595214845,40.778675079345696,-73.94844818115233,40.77389526367188,4.8
1,2015-01-28 14:00:56,2015-01-28 14:25:48,-73.86309051513672,40.76964569091797,-73.95097351074217,40.769798278808594,40.96
1,2015-01-19 18:00:24,2015-01-19 18:05:46,-73.98332214355469,40.765472412109375,-73.97181701660156,40.76315307617188,8.15
1,2015-01-24 15:42:43,2015-01-24 15:48:39,-74.00772094726561,40.74298477172852,-73.99929809570312,40.761661529541016,7.8
1,2015-01-08 08:55:04,2015-01-08 09:09:54,-73.98781585693358,40.775390625,-73.97735595703125,40.75935363769531,12.3
1,2015-01-22 23:10:39,2015-01-22 23:25:48,-73.87451171875,40.773963928222656,-73.94596099853516,40.78277206420898,37.03
1,2015-01-18 21:37:22,2015-01-18 21:52:04,-73.98129272460938,40.7631950378418,-73.99423217773438,40.75650787353516,13.3
1,2015-01-26 06:56:31,2015-01-26 07:01:51,-73.99014282226561,40.75688934326172,-73.97816467285155,40.7522850036621,6.3
1,2015-01-01 15:35:01,2015-01-01 15:42:55,-73.99034118652342,40.756683349609375,-73.97889709472656,40.76244354248047,9.35
1,2015-01-29 10:44:44,2015-01-29 10:54:38,-73.98387145996092,40.72164535522461,-73.98219299316406,40.73845672607422,10.7
1,2015-01-09 15:32:22,2015-01-09 15:36:01,-73.98691558837889,40.72963333129882,-73.99034881591797,40.72333526611328,5.3
1,2015-01-09 11:51:06,2015-01-09 12:00:54,-73.97754669189453,40.7537841796875,-73.98195648193358,40.76282501220703,6.8
1,2015-01-23 06:56:30,2015-01-23 07:00:57,-73.99626922607422,40.74317169189453,-73.98067474365233,40.735454559326165,6.3
1,2015-01-30 20:15:16,2015-01-30 20:43:38,-73.98884582519531,40.773887634277344,-74.00051116943358,40.728870391845696,22.8
2,2015-01-20 17:01:03,2015-01-20 17:06:55,-73.986328125,40.74378204345703,-73.99610137939453,40.74338150024414,7.3
1,2015-01-27 17:14:09,2015-01-27 17:18:11,-73.95571899414062,40.77972412109375,-73.9609832763672,40.7750244140625,7.55
1,2015-01-20 14:10:14,2015-01-20 14:24:14,-73.99736022949219,40.72501373291016,-74.00884246826173,40.7110710144043,12.8
1,2015-01-25 00:55:14,2015-01-25 01:01:34,-73.99358367919923,40.73622131347656,-74.00080108642578,40.72612762451172,8.3
1,2015-01-31 14:27:12,2015-01-31 14:44:44,-74.00479888916014,40.70710754394531,-74.00621032714845,40.74297332763672,14.8
1,2015-01-10 20:26:18,2015-01-10 20:59:51,-73.99437713623048,40.76087188720703,-73.97864532470702,40.67462539672852,40.56
1,2015-01-12 10:58:45,2015-01-12 11:26:13,-74.01679992675781,40.70759201049805,-73.97611999511719,40.76559448242188,28.56
1,2015-01-04 12:22:13,2015-01-04 12:39:06,-73.95387268066406,40.772579193115234,-73.99617767333984,40.7197494506836,22.3
1,2015-01-23 18:21:30,2015-01-23 18:28:26,-73.98857879638672,40.73650360107422,-73.97554016113281,40.733158111572266,9.96
1,2015-01-11 00:24:58,2015-01-11 00:31:24,-73.98694610595702,40.75582885742188,-73.97671508789062,40.759498596191406,9.9
1,2015-01-04 09:40:27,2015-01-04 09:43:22,-73.98011779785155,40.77559661865234,-73.98188781738281,40.7705307006836,4.8
1,2015-01-08 13:19:12,2015-01-08 13:24:58,-73.99066162109375,40.7558708190918,-73.97783660888672,40.758445739746094,6.3
1,2015-01-31 15:36:32,2015-01-31 15:48:09,-73.95960998535155,40.776660919189446,-73.96688079833984,40.761672973632805,11.05
1,2015-01-25 03:30:44,2015-01-25 03:38:39,-73.98284912109375,40.72425079345703,-73.97772216796875,40.74468994140625,9.8
3,2015-01-30 09:42:25,2015-01-30 09:49:26,-73.98284149169923,40.76775360107422,-73.9904556274414,40.76994323730469,6.8
5,2015-01-21 12:17:05,2015-01-21 12:39:33,-73.95059967041014,40.72173690795898,-73.98904418945312,40.73412322998047,18.3
1,2015-01-14 21:08:48,2015-01-14 21:22:13,-73.98994445800781,40.73994064331056,-73.98564147949219,40.71918487548828,14.75
1,2015-01-15 19:33:25,2015-01-15 19:50:58,-74.00476837158203,40.74703979492188,-74.00016021728516,40.72043991088867,17.3
3,2015-01-16 11:40:26,2015-01-16 12:20:51,-73.86290740966798,40.768829345703125,-73.98628997802734,40.76823806762695,33.8
5,2015-01-23 10:31:34,2015-01-23 10:38:56,-73.97937774658203,40.74672317504882,-73.99179840087889,40.73437881469727,9.36
1,2015-01-19 05:17:08,2015-01-19 05:38:08,-73.93911743164062,40.757511138916016,-73.93911743164062,40.757511138916016,30.37
1,2015-01-04 15:03:50,2015-01-04 15:18:15,-73.98701477050781,40.74048614501953,-73.99880981445312,40.76375579833984,12.3
1,2015-01-21 07:15:09,2015-01-21 07:17:06,-74.00150299072266,40.74116897583008,-74.00587463378906,40.74533462524414,4.3
1,2015-01-06 09:40:15,2015-01-06 10:10:44,-73.87318420410156,40.77408218383789,-73.97567749023438,40.75146865844727,45.0
1,2015-01-23 22:49:25,2015-01-23 23:04:58,-74.00102996826173,40.74166870117188,-73.97991943359375,40.75284957885742,15.96
1,2015-01-10 22:59:30,2015-01-10 23:11:39,-73.9858169555664,40.762031555175774,-73.953857421875,40.743289947509766,23.63
1,2015-01-13 20:31:21,2015-01-13 20:37:33,-73.99807739257811,40.72331619262695,-74.01036071777344,40.71163940429688,8.3
1,2015-01-10 20:08:16,2015-01-10 20:15:29,-73.90699005126953,40.7735595703125,-73.91571044921875,40.764404296875,7.8
2,2015-01-23 18:13:12,2015-01-23 18:20:54,-73.98992919921875,40.75214385986328,-73.99050903320312,40.74048614501953,9.3
1,2015-01-10 13:15:42,2015-01-10 13:21:30,-73.95541381835938,40.76850128173828,-73.95659637451173,40.779029846191406,6.8
1,2015-01-25 22:59:23,2015-01-25 23:11:41,-73.97071075439453,40.759368896484375,-74.00414276123048,40.74683380126953,12.8
1,2015-01-04 07:51:41,2015-01-04 08:15:17,-73.78206634521484,40.64461135864258,-73.90725708007811,40.76119613647461,49.1
1,2015-01-14 05:38:56,2015-01-14 05:42:13,-73.99996185302734,40.73874282836913,-74.00818634033203,40.7447624206543,6.96
1,2015-01-17 11:06:59,2015-01-17 11:10:54,-73.99710845947266,40.75729751586913,-73.988525390625,40.75674819946289,6.2
1,2015-01-15 23:46:55,2015-01-16 00:15:08,-74.00474548339844,40.74199676513672,-73.91685485839844,40.76837539672852,32.0
1,2015-01-07 22:37:23,2015-01-07 22:41:58,-73.97491455078125,40.7520637512207,-73.96749114990233,40.753730773925774,6.8
1,2015-01-30 08:51:38,2015-01-30 08:55:22,-73.95372772216798,40.77091598510742,-73.95986938476561,40.77361679077149,5.76
1,2015-01-02 23:00:34,2015-01-02 23:07:14,-73.99848937988281,40.74505233764648,-73.99745178222656,40.76092529296875,9.8
1,2015-01-29 09:03:41,2015-01-29 09:19:22,-73.98878479003906,40.7691535949707,-73.98583984375,40.75544357299805,11.8
1,2015-01-08 10:05:50,2015-01-08 10:16:00,-73.96077728271484,40.75749588012695,-73.96373748779298,40.768569946289055,8.8
1,2015-01-06 16:49:25,2015-01-06 17:16:22,-73.98162841796875,40.7737693786621,-73.98787689208984,40.71424865722656,28.8
1,2015-01-31 20:31:55,2015-01-31 20:41:41,-73.96855926513672,40.75913238525391,-73.93507385253906,40.81180191040039,13.3
1,2015-01-17 11:18:34,2015-01-17 11:25:20,-73.99079895019531,40.73070526123047,-74.0033187866211,40.73288345336913,7.8
1,2015-01-23 19:56:19,2015-01-23 20:04:22,-73.97320556640625,40.75351333618164,-73.9867935180664,40.76017761230469,8.3
2,2015-01-11 19:19:33,2015-01-11 19:29:13,-73.98799133300781,40.74968719482422,-73.98226928710938,40.77315521240234,11.6
1,2015-01-18 19:50:02,2015-01-18 19:59:25,-73.97658538818358,40.75203323364258,-73.95626831054686,40.76750183105469,13.39
1,2015-01-28 10:48:46,2015-01-28 10:55:36,-73.97270965576173,40.746089935302734,-73.97037506103516,40.75335311889648,7.55
2,2015-01-22 15:31:29,2015-01-22 15:41:29,-73.95819854736328,40.78464126586913,-73.95755767822266,40.77531814575195,8.3
6,2015-01-22 22:14:40,2015-01-22 22:24:57,-73.97708892822266,40.7641716003418,-73.97254943847656,40.74618911743164,12.36
1,2015-01-17 00:01:36,2015-01-17 00:03:34,-73.96936798095702,40.75041580200195,-73.96321868896483,40.757843017578125,5.3
2,2015-01-13 14:25:47,2015-01-13 14:53:37,-73.97296142578125,40.7559051513672,-74.00724792480467,40.72335433959961,23.75
1,2015-01-28 19:44:03,2015-01-28 19:56:55,-73.97383880615233,40.75812149047852,-73.95001220703125,40.78437423706056,15.96
4,2015-01-21 02:03:29,2015-01-21 02:16:03,-73.97517395019531,40.75866317749024,-73.9427490234375,40.73998260498047,13.8
1,2015-01-06 16:17:48,2015-01-06 16:43:25,-73.95501708984375,40.76543426513672,-73.86580657958984,40.77101516723633,47.63
1,2015-01-20 21:04:45,2015-01-20 21:07:07,-73.96347045898438,40.77449798583984,-73.95577239990233,40.78507995605469,6.55
1,2015-01-22 11:45:56,2015-01-22 11:56:49,-73.985595703125,40.75697326660156,-73.97106170654298,40.75087356567384,8.8
3,2015-01-16 20:35:00,2015-01-16 20:51:43,-73.98213958740233,40.76865005493164,-73.94863891601561,40.78195190429688,17.3
1,2015-01-31 20:05:20,2015-02-01 19:58:13,-73.98580169677734,40.75962066650391,-73.99830627441406,40.717559814453125,19.3
1,2015-01-19 08:10:02,2015-01-19 08:24:36,-73.98954010009764,40.72606658935546,-73.99107360839844,40.75566101074219,13.3
1,2015-01-06 07:31:42,2015-01-06 07:38:14,-73.988525390625,40.7557029724121,-73.9760513305664,40.763626098632805,7.8
2,2015-01-20 00:06:57,2015-01-20 00:18:56,-73.99049377441406,40.763347625732415,-73.94583892822266,40.838680267333984,25.18
1,2015-01-02 15:13:33,2015-01-02 15:13:37,-74.00677490234375,40.73079681396485,-74.00675964355469,40.730911254882805,3.3
1,2015-01-26 08:50:29,2015-01-26 09:23:47,-73.96958923339844,40.76041412353516,-73.99072265625,40.75083160400391,24.96
1,2015-01-23 07:15:41,2015-01-23 07:22:18,-73.9656982421875,40.76782989501953,-73.97615051269531,40.75481033325195,8.75
1,2015-01-23 21:05:59,2015-01-23 21:21:38,-73.98203277587889,40.751590728759766,-73.98304748535155,40.73153305053711,14.75
2,2015-01-17 21:10:02,2015-01-17 21:21:01,-73.96998596191406,40.75705337524414,-73.98234558105469,40.77800369262695,11.3
2,2015-01-05 18:12:31,2015-01-05 18:20:24,-73.95430755615233,40.779571533203125,-73.95294952392578,40.77159881591797,8.3
5,2015-01-25 20:45:13,2015-01-25 20:50:53,-74.00077056884764,40.73170852661133,-73.9896469116211,40.72601318359375,6.8
2,2015-01-23 13:55:50,2015-01-23 14:02:17,-73.9957275390625,40.73261260986328,-74.0068359375,40.73563766479492,8.16
1,2015-01-22 07:25:27,2015-01-22 07:31:58,-73.97898864746092,40.73624801635742,-73.97014617919923,40.75754928588867,8.3
1,2015-01-29 18:32:26,2015-01-29 18:49:09,-73.96617889404298,40.78973007202149,-73.962158203125,40.768699645996094,13.8
4,2015-01-21 18:11:18,2015-01-21 18:17:10,-73.9969711303711,40.737129211425774,-73.98628997802734,40.73622131347656,9.12
2,2015-01-15 18:48:38,2015-01-15 18:56:34,-73.94971466064453,40.77638626098633,-73.96276092529298,40.776668548583984,8.3
1,2015-01-17 20:47:36,2015-01-17 21:18:08,-73.7767333984375,40.64544296264648,-73.98171997070312,40.735836029052734,69.6
6,2015-01-09 17:21:22,2015-01-09 17:36:11,-73.987060546875,40.759525299072266,-73.99413299560547,40.732925415039055,13.3
1,2015-01-20 15:46:23,2015-01-20 15:52:14,-73.94639587402342,40.77280426025391,-73.95880889892578,40.78097152709961,8.3
1,2015-01-29 07:24:45,2015-01-29 07:34:47,-73.96253967285155,40.76635360717773,-73.98084259033203,40.7563705444336,11.16
6,2015-01-02 15:32:52,2015-01-02 15:43:18,-73.98381042480467,40.76513671875,-74.00054168701173,40.74237060546875,12.2
1,2015-01-05 21:45:10,2015-01-05 21:52:52,-73.97586059570312,40.67617034912109,-73.98954010009764,40.68471908569336,9.8
1,2015-01-29 09:51:55,2015-01-29 09:57:32,-73.94957733154298,40.776737213134766,-73.95362854003906,40.76696014404297,7.3
2,2015-01-04 21:55:32,2015-01-04 22:00:48,-73.99752044677734,40.7256088256836,-74.00739288330078,40.71533966064453,8.6
1,2015-01-17 23:59:38,2015-01-18 00:19:58,-73.99660491943358,40.76323699951172,-73.98845672607422,40.71417236328125,22.55
1,2015-01-03 20:21:12,2015-01-03 20:26:16,-73.99202728271484,40.74867248535156,-73.97964477539062,40.752403259277344,8.6
6,2015-01-22 14:47:38,2015-01-22 15:06:03,-73.98895263671875,40.75300979614258,-73.98828125,40.759315490722656,12.3
1,2015-01-15 12:40:29,2015-01-15 12:48:18,-73.97648620605469,40.74788284301758,-73.97325897216798,40.757827758789055,10.3
2,2015-01-07 00:32:24,2015-01-07 00:47:51,-73.99037170410156,40.71796417236328,-73.95966339111328,40.675689697265625,17.8
1,2015-01-28 14:11:53,2015-01-28 14:18:48,-73.94719696044923,40.77169036865234,-73.95381927490233,40.784759521484375,9.75
1,2015-01-16 02:39:50,2015-01-16 02:53:13,-73.98759460449217,40.722515106201165,-74.0125961303711,40.703399658203125,14.76
1,2015-01-31 01:45:45,2015-01-31 01:51:06,-74.00397491455078,40.741798400878906,-74.00528717041014,40.729190826416016,8.75
1,2015-01-09 23:59:32,2015-01-10 00:24:53,-74.00050354003906,40.73214721679688,-73.95191955566406,40.82427215576172,35.75
1,2015-01-21 17:22:31,2015-01-21 17:39:15,-74.01839447021484,40.70549011230469,-74.007080078125,40.71670913696289,13.3
1,2015-01-23 22:36:46,2015-01-23 22:47:20,-73.98790740966798,40.732383728027344,-74.00511932373048,40.73333358764648,11.76
1,2015-01-17 21:40:01,2015-01-17 21:57:48,-73.98432159423827,40.73998260498047,-73.99739837646483,40.695106506347656,21.3
1,2015-01-01 14:17:19,2015-01-01 14:23:01,-73.99277496337889,40.742958068847656,-74.00428771972656,40.7510871887207,6.8
1,2015-01-25 21:58:18,2015-01-25 22:09:25,-73.95407104492188,40.76395797729492,-73.98955535888672,40.71692657470703,18.8
1,2015-01-22 20:36:14,2015-01-22 20:55:18,-73.97103118896483,40.755645751953125,-74.00091552734375,40.72407150268555,18.95
1,2015-01-15 07:54:20,2015-01-15 08:19:55,-73.98868560791014,40.7587776184082,-73.87200164794923,40.774280548095696,48.0
1,2015-01-25 11:54:05,2015-01-25 12:12:52,-74.01654815673827,40.7166404724121,-73.98565673828125,4`0.74380111694336,26.3
1,2015-01-21 22:27:26,2015-01-21 22:42:57,-73.96875762939453,40.75017547607422,-73.90694427490233,40.76016616821289,20.8
1,2015-01-17 23:51:34,2015-01-17 23:59:12,-73.97882080078125,40.74095916748047,-73.99874114990233,40.74546813964844,9.3
4,2015-01-31 19:37:28,2015-01-31 19:51:11,-73.99214172363281,40.73200225830078,-74.00634002685547,40.73387908935546,10.3
1,2015-01-31 01:29:20,2015-01-31 01:56:06,-73.91932678222656,40.76546478271485,-73.92799377441406,40.76238250732422,19.3
1,2015-01-01 08:31:21,2015-01-01 08:34:20,-73.97779083251953,40.77391815185546,-73.98174285888672,40.767459869384766,6.2
1,2015-01-10 07:25:10,2015-01-10 07:37:44,-73.9601058959961,40.76214218139648,-73.99192810058595,40.74944305419922,14.8
2,2015-01-14 23:12:54,2015-01-14 23:28:32,-73.99279022216798,40.73480224609375,-73.98133850097656,40.782691955566406,17.55
1,2015-01-23 18:33:31,2015-01-23 18:37:20,-73.98072052001953,40.76793670654297,-73.98435974121092,40.76240921020508,8.0
1,2015-01-08 17:47:09,2015-01-08 17:58:00,-73.98310852050781,40.74422073364258,-73.98252868652342,40.75590133666992,14.1
1,2015-01-13 21:05:31,2015-01-13 21:14:42,-73.97137451171875,40.763282775878906,-73.986328125,40.76325607299805,8.8
1,2015-01-31 10:20:52,2015-01-31 10:35:10,-73.98613739013672,40.76210784912109,-73.96521759033203,40.79851913452149,13.3
1,2015-01-16 02:53:47,2015-01-16 02:58:23,-73.98589324951173,40.742130279541016,-73.97441864013672,40.7322654724121,7.3
6,2015-01-14 20:58:04,2015-01-14 21:01:49,-73.96717071533203,40.75674819946289,-73.95773315429686,40.76200866699219,6.3
1,2015-01-22 08:19:11,2015-01-22 08:47:38,-73.9905776977539,40.73386764526367,-73.92189025878906,40.7059440612793,29.16
1,2015-01-11 18:57:03,2015-01-11 19:05:50,-73.99089813232422,40.74910354614258,-73.994384765625,40.731983184814446,8.8
1,2015-01-11 14:39:18,2015-01-11 14:44:26,-73.95381164550781,40.78193283081056,-73.96595001220702,40.765323638916016,7.3
1,2015-01-07 06:45:03,2015-01-07 06:48:19,-73.99108123779298,40.68574905395508,-73.97714996337889,40.68233489990234,5.8
1,2015-01-25 21:21:37,2015-01-25 21:44:35,-73.99714660644531,40.722198486328125,-73.98436737060547,40.77994155883789,23.5
2,2015-01-13 12:51:27,2015-01-13 12:55:05,-73.96399688720702,40.76778030395508,-73.95525360107422,40.764678955078125,5.3
2,2015-01-15 13:21:36,2015-01-15 13:46:24,-73.9974136352539,40.75054168701172,-73.98555755615233,40.75318145751953,12.8
2,2015-01-02 06:37:01,2015-01-02 07:04:03,-73.96839141845702,40.76424789428711,-73.78730010986328,40.64458847045898,58.13
5,2015-01-19 02:54:46,2015-01-19 02:58:41,-73.99634552001953,40.724136352539055,-74.0035858154297,40.72362518310546,7.3
1,2015-01-18 15:59:04,2015-01-18 16:04:22,-73.99850463867188,40.72478103637695,-74.00383758544923,40.73832321166992,6.8
1,2015-01-30 07:38:49,2015-01-30 08:16:21,-73.99752807617188,40.7655029296875,-73.97608184814453,40.6156005859375,43.63
1,2015-01-30 09:15:16,2015-01-30 09:25:21,-73.99002075195312,40.75170516967773,-73.98247528076173,40.76715850830078,12.05
1,2015-01-23 14:32:49,2015-01-23 14:41:30,-73.99766540527344,40.71384048461913,-74.00757598876953,40.705833435058594,7.8
1,2015-01-28 15:29:11,2015-01-28 15:40:52,-73.98136138916014,40.74679565429688,-73.97111511230467,40.76118087768555,12.09
1,2015-01-05 07:41:54,2015-01-05 07:56:07,-73.93359375,40.79533004760742,-73.98542785644531,40.73994827270508,18.32
1,2015-01-13 08:39:52,2015-01-13 08:45:02,-73.96797943115233,40.76126480102539,-73.96878814697266,40.76591110229492,7.25
1,2015-01-12 19:44:43,2015-01-12 20:03:13,-73.98757934570312,40.7412567138672,-73.9876937866211,40.77548599243164,16.3
1,2015-01-06 23:08:06,2015-01-06 23:14:21,-74.0009536743164,40.73159790039063,-73.99863433837889,40.71987915039063,8.75
1,2015-01-17 20:37:31,2015-01-17 20:39:03,-74.00827026367188,40.722270965576165,-74.0069580078125,40.7300910949707,4.8
1,2015-01-28 08:27:33,2015-01-28 08:32:05,-73.98260498046875,40.751323699951165,-73.9920425415039,40.73823165893555,7.4
2,2015-01-23 18:20:24,2015-01-23 18:34:49,-73.9735107421875,40.7506217956543,-74.00330352783203,40.735260009765625,13.3
1,2015-01-03 01:31:19,2015-01-03 01:52:18,-73.77672576904298,40.64525604248047,-73.89020538330078,40.753223419189446,52.68
1,2015-01-12 18:20:36,2015-01-12 18:34:00,-73.9860076904297,40.7501335144043,-73.97138214111328,40.76308822631836,13.4
2,2015-01-18 22:46:26,2015-01-18 22:57:38,-73.98382568359375,40.74385452270508,-74.00344085693358,40.7330207824707,12.96
1,2015-01-24 08:11:12,2015-01-24 08:15:39,-73.96662139892578,40.75314712524414,-73.9539794921875,40.76646423339844,6.8
1,2015-01-06 15:04:30,2015-01-06 15:20:10,-73.9935302734375,40.7500114440918,-73.99863433837889,40.73221206665039,12.3
1,2015-01-24 01:33:24,2015-01-24 01:42:05,-73.97390747070312,40.76388168334961,-73.97689819335938,40.74681854248047,10.3
4,2015-01-06 10:13:01,2015-01-06 10:17:46,-73.98956298828125,40.7415428161621,-73.9950180053711,40.73421096801758,5.8
1,2015-01-30 21:37:33,2015-01-30 21:52:32,-73.97664642333984,40.76407623291016,-74.00051116943358,40.74744415283203,15.95
1,2015-01-08 11:23:41,2015-01-08 11:36:20,-73.9676055908203,40.7559814453125,-73.9811019897461,40.74129867553711,10.3
1,2015-01-28 06:20:13,2015-01-28 06:31:42,-74.01434326171875,40.71717071533203,-73.98258209228516,40.76305770874024,14.8
1,2015-01-23 10:00:47,2015-01-23 10:19:24,-73.95165252685547,40.76957321166992,-73.98330688476561,40.76719665527344,17.75
1,2015-01-14 18:24:21,2015-01-14 18:41:55,-73.96248626708984,40.80995559692384,-73.95301818847656,40.78170394897461,16.8
6,2015-01-22 22:59:05,2015-01-22 23:10:47,-73.97264862060547,40.785980224609375,-73.9439926147461,40.8221549987793,13.3
1,2015-01-21 11:57:47,2015-01-21 12:05:48,-73.94669342041014,40.78511428833008,-73.94990539550781,40.77215194702149,7.8
2,2015-01-07 13:06:24,2015-01-07 13:31:35,-73.95114135742188,40.78257751464844,-73.99030303955078,40.75665283203125,24.8
1,2015-01-23 19:38:09,2015-01-23 19:40:47,-73.95560455322266,40.76866912841797,-73.95589447021484,40.77547836303711,6.95
3,2015-01-18 22:24:31,2015-01-18 22:33:40,-73.98491668701173,40.758544921875,-73.96366882324217,40.764408111572266,12.3
1,2015-01-27 22:40:06,2015-01-27 22:42:34,-73.95575714111328,40.77223205566406,-73.95419311523438,40.77556228637695,5.3
1,2015-01-04 23:47:42,2015-01-05 00:08:27,-73.86270141601561,40.768829345703125,-73.94818878173827,40.676883697509766,31.8
1,2015-01-20 21:31:01,2015-01-20 21:34:37,-73.99868774414062,40.73408126831056,-73.99163055419923,40.73352813720703,5.8
2,2015-01-21 19:22:17,2015-01-21 19:28:02,-73.96603393554686,40.76787567138672,-73.96306610107422,40.76182556152344,7.3
1,2015-01-20 13:34:10,2015-01-20 13:49:00,-74.00807189941406,40.726112365722656,-73.99190521240233,40.754127502441406,14.75
1,2015-01-06 16:31:07,2015-01-06 16:37:22,-73.99054718017578,40.75008773803711,-73.99266815185547,40.7471160888672,4.8
1,2015-01-03 16:57:29,2015-01-03 17:08:55,-73.94976806640625,40.78053665161133,-73.98250579833984,40.77390670776367,11.3
1,2015-01-01 04:24:12,2015-01-01 04:27:34,-73.97674560546875,40.7883186340332,-73.97062683105469,40.79358673095703,7.3
1,2015-01-24 21:56:01,2015-01-24 22:01:51,-73.99095916748048,40.74726104736328,-74.00299072265625,40.75054931640625,8.76
2,2015-01-22 19:10:33,2015-01-22 19:45:33,-73.78182220458984,40.64463806152344,-73.98878479003906,40.75846099853516,58.13
1,2015-01-18 14:02:29,2015-01-18 14:07:38,-73.99611663818358,40.73799514770508,-74.00524139404298,40.74341583251953,7.68
1,2015-01-30 17:51:33,2015-01-30 18:03:29,-73.96614837646483,40.76129913330078,-73.95469665527342,40.77740097045898,10.8
1,2015-01-09 22:30:32,2015-01-09 22:31:59,-73.9923324584961,40.76365280151367,-73.99177551269531,40.7688865661621,4.8
3,2015-01-13 08:09:37,2015-01-13 08:16:58,-73.99236297607422,40.73821640014648,-74.00639343261719,40.72716522216797,7.8
2,2015-01-28 17:22:44,2015-01-28 17:31:16,-73.99580383300781,40.764427185058594,-74.0035400390625,40.74013137817384,13.39
1,2015-01-21 12:33:13,2015-01-21 12:50:39,-73.98249816894531,40.73139190673828,-74.0053482055664,40.72844314575195,18.3
1,2015-01-20 11:22:29,2015-01-20 11:36:17,-73.99143981933594,40.7390022277832,-74.00712585449219,40.7269287109375,13.55
1,2015-01-03 19:55:51,2015-01-03 20:06:20,-73.99077606201173,40.760398864746094,-73.9920196533203,40.748931884765625,8.8
1,2015-01-17 19:45:54,2015-01-17 19:54:27,-73.99324798583984,40.755348205566406,-73.97078704833984,40.75374603271485,8.8
1,2015-01-08 13:32:31,2015-01-08 13:39:27,-73.97169494628906,40.75753784179688,-73.98188018798828,40.743328094482415,8.3
1,2015-01-24 03:36:25,2015-01-24 03:54:58,-73.97969818115233,40.722969055175774,-73.9488525390625,40.714168548583984,17.4
1,2015-01-03 12:49:58,2015-01-03 13:32:14,-73.99052429199219,40.75008773803711,-73.79035186767578,40.646854400634766,52.8
1,2015-01-31 14:54:50,2015-01-31 15:08:55,-73.95991516113281,40.76691818237305,-73.95680236816406,40.80416488647461,13.8
1,2015-01-29 14:06:29,2015-01-29 14:17:09,-73.93909454345702,40.79906463623047,-73.95411682128906,40.777870178222656,9.8
2,2015-01-08 08:08:48,2015-01-08 08:24:19,-73.98995971679686,40.73338317871094,-74.01600646972656,40.71488571166992,15.8
1,2015-01-30 00:28:00,2015-01-30 00:45:59,-73.99302673339844,40.72014999389648,-73.94017791748048,40.70766830444336,16.3
6,2015-01-19 01:11:04,2015-01-19 01:19:25,-73.98519134521484,40.7325553894043,-73.9791488647461,40.761512756347656,13.55
2,2015-01-10 10:23:12,2015-01-10 10:29:39,-73.96089935302734,40.79704666137695,-73.97660064697266,40.77735137939453,9.3
6,2015-01-26 12:07:35,2015-01-26 12:13:21,-73.95489501953125,40.76512145996094,-73.96482849121092,40.76165390014648,6.3
1,2015-01-29 11:35:37,2015-01-29 11:58:37,-73.98724365234375,40.73580551147461,-73.97734069824217,40.75187301635742,18.35
1,2015-01-15 21:32:48,2015-01-15 21:41:42,-73.9900665283203,40.756778717041016,-74.00240325927734,40.7602653503418,8.3
1,2015-01-15 10:05:47,2015-01-15 10:14:22,-73.97946166992188,40.73828887939453,-73.99825286865233,40.73392105102539,8.3
2,2015-01-03 17:51:10,2015-01-03 17:57:18,-73.98628234863281,40.76098251342773,-73.9794921875,40.758159637451165,6.3
1,2015-01-10 15:11:38,2015-01-10 15:19:20,-74.00569915771484,40.71788024902344,-74.00738525390625,40.73332595825195,7.8
1,2015-01-28 19:00:29,2015-01-28 19:08:31,-73.99124145507811,40.73411560058594,-74.00152587890625,40.73575592041016,8.3
1,2015-01-01 21:44:07,2015-01-01 21:57:58,-74.01019287109375,40.719459533691406,-73.98719787597656,40.76034927368164,13.8
1,2015-01-23 17:22:50,2015-01-23 17:47:51,-73.9988784790039,40.73922729492188,-73.97176361083984,40.75813674926758,18.8
1,2015-01-17 18:46:36,2015-01-17 18:53:18,-73.99018096923827,40.76168823242188,-73.97566986083984,40.7653923034668,7.3
1,2015-01-17 08:54:10,2015-01-17 08:57:27,-73.98088836669923,40.764995574951165,-73.96241760253906,40.76698303222656,6.3
1,2015-01-10 01:18:02,2015-01-10 01:39:59,-73.95738983154298,40.71443176269531,-73.85021209716798,40.72042083740234,26.55
2,2015-01-11 23:47:26,2015-01-11 23:52:30,-73.98844909667967,40.723121643066406,-73.97602081298828,40.74025344848633,7.8
5,2015-01-03 10:15:35,2015-01-03 10:21:45,-73.97808837890625,40.75235748291016,-73.96966552734375,40.758094787597656,8.0
2,2015-01-06 20:30:05,2015-01-06 20:33:17,-73.96704864501953,40.7651481628418,-73.9651641845703,40.771968841552734,7.3
1,2015-01-22 22:20:26,2015-01-22 22:24:25,-73.97756195068358,40.784217834472656,-73.97953033447266,40.77425384521485,6.3
1,2015-01-07 21:46:58,2015-01-07 22:26:41,-73.99143981933594,40.759082794189446,-73.92427062988281,40.693336486816406,36.8
1,2015-01-03 11:10:49,2015-01-03 11:21:50,-73.95232391357422,40.77568817138672,-73.98040008544923,40.774017333984375,12.9
2,2015-01-14 21:47:32,2015-01-14 21:56:54,-73.97602081298828,40.76125717163086,-73.97499084472656,40.782814025878906,12.8
5,2015-01-12 17:38:45,2015-01-12 17:55:58,-73.98877716064453,40.7491569519043,-73.970947265625,40.76555252075195,13.8
3,2015-01-30 22:44:12,2015-01-30 23:01:28,-73.99679565429686,40.720527648925774,-73.96922302246092,40.7534294128418,17.15
2,2015-01-23 00:23:24,2015-01-23 00:26:53,-73.97677612304686,40.75908660888672,-73.98527526855469,40.75707244873047,5.8
4,2015-01-22 08:26:09,2015-01-22 08:30:32,-73.97959136962889,40.7354736328125,-73.97456359863281,40.74427795410156,5.8
2,2015-01-16 23:52:05,2015-01-17 00:17:42,-73.95652770996092,40.676029205322266,-73.98777770996092,40.732364654541016,25.38
1,2015-01-01 04:02:41,2015-01-01 04:29:00,-73.98348999023438,40.721946716308594,-73.96604919433594,40.68929290771485,27.2
1,2015-01-23 10:46:06,2015-01-23 10:52:04,-73.9524688720703,40.78600311279297,-73.9623031616211,40.77460861206056,7.5
3,2015-01-31 13:30:08,2015-01-31 13:42:11,-74.00157165527344,40.75654220581056,-73.9908676147461,40.760990142822266,11.0
1,2015-01-25 14:24:38,2015-01-25 14:38:05,-73.9553985595703,40.77683639526367,-73.98331451416014,40.77539443969727,13.57
1,2015-01-15 22:25:27,2015-01-15 22:37:20,-74.00779724121094,40.74275588989258,-73.9812240600586,40.781116485595696,14.3
1,2015-01-23 17:46:34,2015-01-23 17:51:17,-73.9565200805664,40.76717376708984,-73.9545669555664,40.7765998840332,7.8
1,2015-01-30 14:39:10,2015-01-30 14:43:09,-73.98839569091797,40.74929428100586,-73.98002624511719,40.760845184326165,6.96
6,2015-01-16 01:46:52,2015-01-16 01:59:27,-73.98356628417967,40.76277160644531,-74.01007080078125,40.7143783569336,15.8
4,2015-01-19 14:12:52,2015-01-19 14:16:40,-73.99369812011719,40.74178695678711,-73.98274993896483,40.74811935424805,6.8
1,2015-01-20 08:48:47,2015-01-20 08:58:54,-73.9924087524414,40.730567932128906,-73.98426818847656,40.74601364135742,12.09
2,2015-01-17 19:10:56,2015-01-17 19:24:44,-73.96672058105469,40.757232666015625,-73.9913558959961,40.75576019287109,13.55
2,2015-01-24 19:32:36,2015-01-24 19:56:09,-74.00340270996092,40.743438720703125,-73.93868255615233,40.79742431640625,21.8
5,2015-01-10 12:15:54,2015-01-11 11:33:11,-73.98244476318358,40.76517105102539,-74.01662445068358,40.71151351928711,19.3
1,2015-01-22 10:38:54,2015-01-22 10:40:34,-73.97613525390625,40.78951644897461,-73.97859954833984,40.789409637451165,3.8
1,2015-01-19 09:51:48,2015-01-19 10:10:18,-74.01078033447266,40.713481903076165,-73.97876739501953,40.75284576416016,27.95
2,2015-01-25 22:49:19,2015-01-25 23:25:46,-74.00672912597656,40.73067855834961,-73.92584991455078,40.765449523925774,30.3
2,2015-01-10 13:41:38,2015-01-10 13:49:05,-73.9729766845703,40.75602722167969,-73.97370147705078,40.76303482055664,9.1
2,2015-01-26 17:13:37,2015-01-26 17:29:14,-73.98455047607422,40.74365615844727,-73.96461486816406,40.75600814819336,16.0
1,2015-01-03 00:43:32,2015-01-03 00:47:17,-73.98885345458984,40.75868606567384,-73.97863006591797,40.7667121887207,6.3
1,2015-01-04 07:18:25,2015-01-04 07:24:55,-73.947998046875,40.790130615234375,-73.95023345947266,40.772136688232415,7.8
1,2015-01-11 02:02:13,2015-01-11 02:06:41,-73.97772979736328,40.746341705322266,-73.98306274414062,40.75436401367188,8.0
1,2015-01-22 18:39:41,2015-01-22 18:45:55,-74.00498199462889,40.75187683105469,-73.99380493164062,40.74261474609375,9.36
6,2015-01-13 18:18:28,2015-01-13 18:23:24,-73.98284912109375,40.76453399658203,-73.98580932617188,40.75767517089844,6.8
1,2015-01-22 00:42:19,2015-01-22 00:49:25,-73.99016571044923,40.72642517089844,-73.97563934326173,40.730018615722656,8.3
1,2015-01-19 12:07:03,2015-01-19 12:12:37,-73.98743438720702,40.750587463378906,-73.97418975830078,40.764892578125,8.6
1,2015-01-04 19:56:33,2015-01-04 20:07:45,-73.98258209228516,40.748638153076165,-74.0047149658203,40.75211334228516,9.8
1,2015-01-15 10:33:19,2015-01-15 11:05:18,-73.86290740966798,40.768699645996094,-74.00497436523438,40.70675659179688,46.0
1,2015-01-14 08:35:57,2015-01-14 08:43:50,-73.99137878417967,40.749805450439446,-73.98920440673827,40.75562286376953,7.8
6,2015-01-31 19:13:13,2015-01-31 19:27:52,-73.9957504272461,40.743194580078125,-73.96395874023438,40.77389526367188,17.25
1,2015-01-23 19:37:05,2015-01-23 19:40:46,-73.98162841796875,40.76791763305664,-73.97412872314453,40.763427734375,7.56
1,2015-01-12 17:35:18,2015-01-12 17:36:16,-73.96238708496092,40.77578353881836,-73.95921325683594,40.780548095703125,6.2
1,2015-01-30 11:32:04,2015-01-30 11:38:44,-73.97415161132812,40.7939910888672,-73.98113250732422,40.78090286254882,7.3
1,2015-01-16 13:09:15,2015-01-16 13:21:06,-74.00418853759764,40.73327255249024,-73.9993438720703,40.72323989868164,11.75
1,2015-01-23 20:59:46,2015-01-23 21:22:55,-73.97648620605469,40.75528335571289,-74.00359344482422,40.736328125,20.8
1,2015-01-15 07:16:09,2015-01-15 07:29:15,-73.96555328369139,40.79058837890625,-73.97191619873048,40.75416946411133,16.05
2,2015-01-09 00:48:56,2015-01-09 00:53:18,-73.96321868896483,40.77479553222656,-73.9462890625,40.78116226196289,7.3
1,2015-01-15 23:50:58,2015-01-16 00:15:22,-73.99552154541014,40.72494888305664,-73.95210266113281,40.80902099609375,33.2
1,2015-01-24 18:25:42,2015-01-24 18:37:02,-73.97323608398438,40.74382019042969,-73.96146392822266,40.7778434753418,12.3
1,2015-01-31 18:57:37,2015-01-31 19:16:41,-73.9811248779297,40.74448394775391,-74.007568359375,40.70840072631836,17.75
1,2015-01-29 22:04:42,2015-01-29 22:18:37,-73.98983001708984,40.738563537597656,-73.9934310913086,40.75469207763672,14.16
1,2015-01-30 14:05:29,2015-01-30 14:12:15,-73.9372787475586,40.813438415527344,-73.94361877441406,40.80121994018555,8.76
1,2015-01-02 08:15:07,2015-01-02 08:25:26,-74.00449371337889,40.752220153808594,-74.01554107666014,40.71160888671875,15.35
1,2015-01-22 01:20:57,2015-01-22 01:45:51,-73.98595428466798,40.75990676879882,-73.89875030517578,40.72795867919922,24.3
3,2015-01-10 11:12:18,2015-01-10 11:32:17,-73.7763442993164,40.6452751159668,-73.85395812988281,40.69608688354492,24.3
5,2015-01-11 17:45:17,2015-01-11 17:50:41,-73.97940826416014,40.744022369384766,-73.96808624267578,40.75540542602539,7.8
1,2015-01-07 20:49:36,2015-01-07 21:02:55,-73.97478485107422,40.75959777832031,-74.00431060791014,40.73121643066406,15.2
1,2015-01-20 08:39:13,2015-01-20 09:04:03,-74.01519775390625,40.70855712890625,-73.96630096435547,40.77308654785156,26.0
2,2015-01-17 19:22:47,2015-01-17 19:31:31,-73.96385192871092,40.79296875,-73.95160675048828,40.776100158691406,11.0
1,2015-01-03 13:59:42,2015-01-03 14:13:57,-73.98995971679686,40.72942352294922,-73.96190643310547,40.776798248291016,17.0
1,2015-01-19 15:45:30,2015-01-19 15:53:48,-73.97218322753906,40.760120391845696,-73.98216247558594,40.7724494934082,8.3
1,2015-01-06 21:30:52,2015-01-06 21:38:46,-73.97605895996092,40.76552963256836,-73.98526000976561,40.759544372558594,9.95
2,2015-01-16 19:06:05,2015-01-16 19:21:45,-73.9676742553711,40.76283645629882,-73.8873291015625,40.753265380859375,18.3
1,2015-01-12 17:49:41,2015-01-12 18:15:35,-73.9759521484375,40.788135528564446,-74.00887298583984,40.71404266357422,30.2
1,2015-01-26 07:07:19,2015-01-26 07:11:11,-73.96112060546875,40.76936340332031,-73.95063781738281,40.76902389526367,6.36
2,2015-01-31 12:02:56,2015-01-31 12:04:45,-73.94657897949217,40.776668548583984,-73.94928741455078,40.77289581298828,4.3
4,2015-01-04 09:22:20,2015-01-04 09:47:50,-73.78111267089844,40.64493560791016,-73.94776153564453,40.77867126464844,58.13
1,2015-01-21 09:10:20,2015-01-21 09:35:33,-73.98152923583984,40.732791900634766,-73.95932006835938,40.77751922607422,18.3
1,2015-01-30 21:15:37,2015-01-30 21:37:26,-73.98357391357422,40.7490692138672,-73.96019744873048,40.81574630737305,27.96
5,2015-01-08 15:07:03,2015-01-08 15:09:05,-73.98210906982422,40.743118286132805,-73.98651123046875,40.73860168457031,5.6
1,2015-01-19 22:14:29,2015-01-19 22:39:38,-73.78379821777342,40.64865112304688,-73.94476318359375,40.77931594848633,69.6
1,2015-01-10 18:55:06,2015-01-10 19:00:53,-73.97911071777342,40.785037994384766,-73.98170471191406,40.775066375732415,7.3
1,2015-01-23 07:14:58,2015-01-23 07:24:27,-73.96759796142578,40.7878303527832,-73.97528839111328,40.7559928894043,11.8
3,2015-01-13 23:49:16,2015-01-14 00:00:13,-73.97560119628906,40.76042175292969,-73.98982238769531,40.74698638916016,10.8
1,2015-01-01 17:15:14,2015-01-01 17:20:55,-74.0018539428711,40.735210418701165,-73.9886016845703,40.73710632324219,8.0
1,2015-01-30 09:41:07,2015-01-30 10:10:21,-73.9569091796875,40.777542114257805,-73.99248504638672,40.724552154541016,26.8
1,2015-01-19 20:06:01,2015-01-19 20:17:36,-73.9683837890625,40.76243591308594,-73.92584991455078,40.743850708007805,16.42
1,2015-01-16 20:06:54,2015-01-16 20:10:38,-73.99518585205078,40.7397689819336,-73.9885025024414,40.748043060302734,6.3
1,2015-01-11 13:16:48,2015-01-11 13:26:10,-73.98363494873048,40.73817825317384,-73.98497009277344,40.75779724121094,9.3
1,2015-01-13 14:29:50,2015-01-13 14:30:53,-73.99147033691406,40.74934005737305,-73.9954605102539,40.74900817871094,3.8
1,2015-01-25 07:11:30,2015-01-25 07:35:44,-73.78894805908203,40.64715576171875,-73.94660186767578,40.66984558105469,42.25
1,2015-01-31 05:26:30,2015-01-31 05:39:41,-74.00294494628906,40.73926162719727,-73.95677185058595,40.74778366088867,18.3
2,2015-01-10 23:26:50,2015-01-10 23:27:07,-73.98582458496092,40.76959609985352,-73.98741912841797,40.77032470703125,63.3
1,2015-01-02 23:58:50,2015-01-03 00:01:44,-73.98234558105469,40.77254867553711,-73.98767852783203,40.76536178588867,7.05
1,2015-01-21 22:20:10,2015-01-21 22:24:33,-73.95294189453125,40.77644348144531,-73.96162414550781,40.764434814453125,8.84
6,2015-01-20 08:52:16,2015-01-20 08:59:20,-73.98062133789062,40.745243072509766,-73.98733520507811,40.73897552490234,7.8
4,2015-01-20 21:49:59,2015-01-20 21:58:57,-73.95648193359375,40.76820755004882,-73.97989654541014,40.780521392822266,10.3
1,2015-01-20 21:47:15,2015-01-20 21:58:28,-73.99806213378906,40.76081085205078,-73.99093627929686,40.750396728515625,12.25
1,2015-01-04 16:12:49,2015-01-04 16:19:46,-73.96310424804686,40.763286590576165,-73.95616149902342,40.76604843139648,6.8
1,2015-01-06 08:45:57,2015-01-06 08:51:12,-73.99349975585938,40.75213241577149,-73.98316192626953,40.76653671264648,8.0
1,2015-01-24 19:39:29,2015-01-24 19:52:52,-73.99363708496092,40.73218536376953,-73.98096466064453,40.72122573852539,12.36
1,2015-01-20 10:23:10,2015-01-20 10:25:59,-73.98631286621094,40.72995376586913,-73.99159240722656,40.722618103027344,6.2
1,2015-01-13 09:40:32,2015-01-13 09:44:17,-73.98484802246092,40.74553680419922,-73.98035430908203,40.75136184692384,6.2
1,2015-01-15 18:51:57,2015-01-15 19:13:26,-73.97858428955078,40.74795913696289,-73.98685455322266,40.76088333129882,15.3
5,2015-01-19 17:51:01,2015-01-19 17:57:49,-73.97747039794923,40.75263214111328,-73.99114990234375,40.75025939941406,6.8
1,2015-01-14 23:37:03,2015-01-14 23:51:17,-73.9918212890625,40.72626876831056,-73.95671081542967,40.76684188842773,18.2
1,2015-01-18 16:00:25,2015-01-18 16:14:46,-73.98772430419923,40.76010513305664,-73.95967864990233,40.771011352539055,12.3
1,2015-01-23 13:49:01,2015-01-23 13:52:17,-74.01569366455078,40.710899353027344,-74.01451110839844,40.704566955566406,5.3
6,2015-01-31 09:07:05,2015-01-31 09:13:19,-73.9872055053711,40.74495697021485,-73.99182891845702,40.755874633789055,7.3
1,2015-01-17 12:26:58,2015-01-17 12:35:02,-73.98532104492188,40.76365661621094,-73.96988677978516,40.76033020019531,7.8
1,2015-01-06 16:29:14,2015-01-06 16:38:52,-73.9820785522461,40.76103210449219,-73.9756317138672,40.761173248291016,9.3
1,2015-01-19 21:19:52,2015-01-19 21:27:07,-73.96833801269531,40.75550079345703,-73.98468780517578,40.72893905639648,11.6
1,2015-01-23 08:55:17,2015-01-23 09:05:20,-73.98283386230467,40.76148223876953,-73.99687957763672,40.763008117675774,8.3
1,2015-01-10 10:25:14,2015-01-10 10:33:05,-73.95674133300781,40.76801681518555,-73.97531890869139,40.78021240234375,10.45
1,2015-01-20 17:55:22,2015-01-20 18:01:29,-73.98683166503906,40.72965240478516,-74.00285339355469,40.727630615234375,8.3
1,2015-01-24 16:42:50,2015-01-24 16:48:26,-73.98146820068358,40.74695587158203,-73.97061920166014,40.76277923583984,6.8
5,2015-01-10 08:53:20,2015-01-10 08:56:46,-73.99315643310547,40.73648071289063,-73.9845962524414,40.732471466064446,5.3
1,2015-01-10 11:48:08,2015-01-10 11:56:52,-73.98223114013672,40.77545166015625,-73.97212982177734,40.78152084350586,8.3
1,2015-01-05 16:16:23,2015-01-05 16:22:58,-73.96410369873048,40.76537322998047,-73.97110748291014,40.76167678833008,7.8
2,2015-01-13 13:12:10,2015-01-13 13:31:37,-73.95260620117188,40.7895736694336,-73.98242950439453,40.76503372192384,18.35
1,2015-01-16 22:30:20,2015-01-16 22:45:19,-73.96898651123048,40.760940551757805,-73.92355346679686,40.766971588134766,15.3
5,2015-01-20 20:55:35,2015-01-20 20:59:29,-74.00892639160156,40.71672058105469,-74.00396728515625,40.72557067871094,7.4
1,2015-01-07 19:18:08,2015-01-07 19:27:22,-73.97109985351561,40.75750350952149,-73.99842834472656,40.76066589355469,12.35
2,2015-01-04 16:37:52,2015-01-04 16:45:22,-73.96379852294923,40.777130126953125,-73.97608184814453,40.790748596191406,10.55
1,2015-01-20 14:47:25,2015-01-20 14:52:19,-73.95313262939453,40.78285217285156,-73.9590301513672,40.774856567382805,5.8
1,2015-01-06 09:38:00,2015-01-06 09:47:57,-73.97520446777344,40.75227355957031,-73.97218322753906,40.75384140014648,7.8
1,2015-01-26 02:00:07,2015-01-26 02:06:05,-73.98907470703125,40.69159698486328,-73.99173736572266,40.67773818969727,9.75
1,2015-01-17 13:26:55,2015-01-17 13:39:04,-74.00666046142578,40.73139572143555,-73.99679565429686,40.71825408935546,12.2
1,2015-01-24 08:29:47,2015-01-24 08:38:35,-73.950439453125,40.7954216003418,-73.97987365722656,40.755081176757805,12.3
2,2015-01-01 18:48:03,2015-01-01 18:49:08,-74.00425720214845,40.74755859375,-74.00186920166014,40.7519989013672,5.35
1,2015-01-02 22:46:39,2015-01-02 22:58:08,-73.9844970703125,40.7544403076172,-73.95853424072266,40.774017333984375,14.95
1,2015-01-27 13:17:59,2015-01-27 13:21:19,-73.9617919921875,40.79551696777344,-73.96475982666014,40.80338287353516,5.3
1,2015-01-14 14:58:16,2015-01-14 15:25:39,-73.96298217773438,40.77040100097656,-74.0,40.72551727294922,28.0
1,2015-01-22 13:37:15,2015-01-22 13:51:52,-73.97577667236328,40.76038360595703,-73.99715423583984,40.7247428894043,16.64
1,2015-01-21 17:18:18,2015-01-21 17:21:57,-73.98586273193358,40.74675369262695,-73.9854736328125,40.73844146728516,7.55
1,2015-01-18 13:14:17,2015-01-18 13:48:37,-73.97237396240233,40.794166564941406,-73.96685028076173,40.799175262451165,28.3
1,2015-01-30 02:38:35,2015-01-30 02:41:04,-73.99327850341797,40.742534637451165,-73.98474884033203,40.75582885742188,6.3
1,2015-01-03 13:25:43,2015-01-03 13:32:05,-73.98170471191406,40.772808074951165,-73.97260284423827,40.76403045654297,8.6
6,2015-01-24 05:56:15,2015-01-24 06:20:16,-73.96923065185547,40.75768661499024,-73.9399185180664,40.7078857421875,24.3
1,2015-01-17 09:10:07,2015-01-17 09:27:24,-73.94503784179686,40.794090270996094,-73.98970031738281,40.75270080566406,21.6
1,2015-01-18 20:54:53,2015-01-18 21:03:37,-73.98944854736328,40.730262756347656,-73.96985626220702,40.75699615478516,10.3
1,2015-01-01 15:53:06,2015-01-01 15:57:25,-73.99092102050781,40.74745559692384,-73.98355102539062,40.73888397216797,6.3
3,2015-01-17 07:17:08,2015-01-17 07:44:02,-73.9500503540039,40.77901840209961,-73.78328704833984,40.64382553100586,75.56
1,2015-01-13 15:50:08,2015-01-13 15:53:30,-73.95679473876953,40.764961242675774,-73.96173095703125,40.764122009277344,5.3
1,2015-01-21 16:47:48,2015-01-21 16:57:12,-74.0042495727539,40.747467041015625,-73.98234558105469,40.740867614746094,9.3
1,2015-01-13 21:34:05,2015-01-13 21:41:37,-73.95314788818358,40.77837753295898,-73.96916198730467,40.76115798950195,8.8
2,2015-01-03 08:05:09,2015-01-03 08:13:59,-73.87089538574217,40.773792266845696,-73.92774963378906,40.738372802734375,20.1
6,2015-01-13 16:52:04,2015-01-13 16:59:15,-73.94509887695312,40.78694534301758,-73.95516204833984,40.77089309692384,8.8
1,2015-01-10 00:32:30,2015-01-10 00:37:15,-73.95589447021484,40.76411819458008,-73.94785308837889,40.77286148071289,8.0
1,2015-01-18 00:37:36,2015-01-18 00:50:48,-73.9601821899414,40.76195907592773,-73.98989868164062,40.7192611694336,19.4
1,2015-01-22 11:03:24,2015-01-22 11:14:12,-74.0035629272461,40.707481384277344,-73.99869537353516,40.72044372558594,11.0
1,2015-01-30 16:44:32,2015-01-30 16:51:09,-73.956787109375,40.766616821289055,-73.9500732421875,40.78386306762695,8.8
2,2015-01-12 03:08:57,2015-01-12 03:23:59,-73.98806762695312,40.723758697509766,-73.89363098144531,40.74673461914063,23.3
2,2015-01-28 20:08:50,2015-01-28 20:18:10,-73.97798156738281,40.74655151367188,-73.95901489257811,40.77197265625,10.8
5,2015-01-01 14:49:13,2015-01-01 14:59:30,-73.97415924072266,40.74316787719727,-73.991455078125,40.74941253662109,8.8
1,2015-01-17 01:04:26,2015-01-17 01:19:24,-73.96730041503906,40.756473541259766,-73.91902923583984,40.8642578125,33.35
1,2015-01-23 18:14:06,2015-01-23 18:39:30,-73.9788360595703,40.763721466064446,-74.01618194580078,40.70660781860352,27.96
2,2015-01-07 01:41:24,2015-01-07 02:05:36,-73.77680206298828,40.64589691162109,-73.98089599609375,40.73828887939453,72.66
2,2015-01-23 08:27:35,2015-01-23 08:40:59,-73.95503997802734,40.78564834594727,-73.9680404663086,40.76556015014648,12.96
1,2015-01-13 10:43:55,2015-01-13 10:49:11,-73.9793243408203,40.762325286865234,-73.98929595947266,40.76947784423828,7.3
1,2015-01-18 12:20:24,2015-01-18 12:27:43,-73.98213195800781,40.767948150634766,-73.99327850341797,40.76292037963867,8.3
1,2015-01-30 16:39:35,2015-01-30 16:45:24,-73.98244476318358,40.77303314208984,-73.98428344726561,40.780960083007805,7.8
1,2015-01-01 23:03:29,2015-01-01 23:10:53,-74.01661682128906,40.70608139038086,-73.99647521972656,40.732280731201165,10.3
1,2015-01-22 06:12:37,2015-01-22 06:22:45,-73.9806900024414,40.72573852539063,-73.9840087890625,40.755008697509766,13.3
1,2015-01-24 09:55:23,2015-01-24 10:00:43,-73.95455169677734,40.78681564331056,-73.9608154296875,40.772510528564446,7.3
1,2015-01-24 12:14:21,2015-01-24 12:18:19,-73.99816131591797,40.740528106689446,-73.99161529541014,40.74455642700195,5.8
1,2015-01-01 08:57:18,2015-01-01 09:00:01,-73.96826934814453,40.79233169555664,-73.97893524169923,40.781768798828125,6.95
1,2015-01-24 00:04:01,2015-01-24 00:14:55,-73.98658752441406,40.72153091430664,-73.99127960205078,40.692058563232415,18.8
1,2015-01-08 16:16:40,2015-01-08 16:52:28,-73.98119354248048,40.75907897949219,-73.86560821533203,40.77093124389648,49.8
1,2015-01-01 20:54:46,2015-01-01 21:03:38,-73.98773193359375,40.72250747680664,-74.0029067993164,40.73321533203125,8.8
1,2015-01-18 05:42:40,2015-01-18 06:05:17,-73.77696990966798,40.64498901367188,-73.98603820800781,40.75228118896485,58.13
2,2015-01-14 22:03:55,2015-01-14 22:23:00,-73.98846435546875,40.748477935791016,-73.99932861328125,40.68436050415039,27.8
3,2015-01-10 18:47:11,2015-01-10 19:02:04,-74.00769805908203,40.74107360839844,-73.97672271728516,40.74849319458008,15.2
1,2015-01-28 21:39:55,2015-01-28 21:43:26,-73.93843078613281,40.80302047729492,-73.93978118896483,40.794559478759766,5.8
1,2015-01-23 11:32:58,2015-01-23 11:43:20,-73.97930908203125,40.7638053894043,-73.9754409790039,40.749881744384766,11.0
1,2015-01-17 15:36:33,2015-01-17 15:44:22,-73.97486877441406,40.79087829589844,-73.98262786865233,40.77415084838867,8.3
1,2015-01-25 21:27:31,2015-01-25 21:32:02,-73.96784210205078,40.76272964477539,-73.95484924316406,40.77732467651367,7.3
4,2015-01-23 18:56:37,2015-01-23 19:05:18,-73.98233032226561,40.7504768371582,-73.98228454589844,40.74298095703125,11.16
4,2015-01-11 05:09:54,2015-01-11 05:16:01,-73.99839782714845,40.71372222900391,-74.00572204589844,40.72604370117188,7.8
3,2015-01-01 03:32:13,2015-01-01 03:41:08,-73.98731994628906,40.719680786132805,-74.00486755371092,40.715911865234375,9.3
2,2015-01-17 08:30:45,2015-01-17 08:34:55,-73.97899627685547,40.74633026123047,-73.97232818603516,40.75879669189453,7.3
1,2015-01-02 13:50:57,2015-01-02 14:06:17,-73.99152374267578,40.7705307006836,-73.98213958740233,40.75579071044922,14.75
2,2015-01-09 16:53:06,2015-01-09 17:11:14,-73.96646881103516,40.75310516357422,-74.00001525878906,40.72343063354492,16.3
1,2015-01-09 13:13:38,2015-01-09 13:26:21,-73.98233795166014,40.772926330566406,-73.97871398925781,40.75663757324219,12.2
4,2015-01-14 11:46:07,2015-01-14 12:09:49,-73.99440002441406,40.74054336547852,-73.97275543212889,40.75711441040039,15.8
1,2015-01-07 15:33:12,2015-01-07 15:46:11,-73.9715347290039,40.78242874145508,-73.9485855102539,40.80155563354492,14.0
1,2015-01-25 14:21:34,2015-01-25 14:44:44,-73.96237182617188,40.75914001464844,-73.9812774658203,40.78091812133789,16.3
6,2015-01-26 08:08:12,2015-01-26 08:12:15,-73.98534393310547,40.7318229675293,-73.98124694824217,40.74150848388672,7.8
1,2015-01-08 15:55:04,2015-01-08 15:56:26,-73.98094177246092,40.74509048461913,-73.98534393310547,40.73977279663086,4.8
1,2015-01-11 12:40:37,2015-01-11 12:44:54,-73.97874450683594,40.78256607055664,-73.97886657714845,40.77725982666016,7.25
1,2015-01-09 07:46:27,2015-01-09 08:07:32,-73.98314666748048,40.77476501464844,-74.01432037353516,40.71456527709961,22.56
1,2015-01-21 13:58:47,2015-01-21 14:14:16,-74.00187683105469,40.740509033203125,-73.98372650146483,40.75111770629882,13.55
1,2015-01-08 12:39:38,2015-01-08 12:46:17,-73.9579086303711,40.76521682739258,-73.96484375,40.77262115478516,7.96
2,2015-01-20 21:32:40,2015-01-20 21:47:03,-73.9881591796875,40.754104614257805,-74.00513458251953,40.71912384033203,15.95
6,2015-01-30 10:22:52,2015-01-30 10:38:48,-73.97767639160156,40.76549911499024,-73.99781036376953,40.73014831542969,16.56
1,2015-01-06 18:39:29,2015-01-06 18:47:54,-73.99568939208984,40.75910949707031,-73.98786926269531,40.757999420166016,8.3
1,2015-01-18 14:57:58,2015-01-18 15:09:42,-73.9808578491211,40.74499130249024,-74.004638671875,40.74215316772461,12.35
1,2015-01-23 08:13:58,2015-01-23 08:36:25,-73.98248291015625,40.78278350830078,-73.97547912597656,40.76031112670898,18.96
2,2015-01-28 00:13:08,2015-01-28 00:47:38,-73.97863006591797,40.76276779174805,-73.98361206054686,40.66963577270508,38.8
1,2015-01-06 08:37:41,2015-01-06 08:46:31,-73.99034118652342,40.76137924194336,-73.97888946533203,40.752288818359375,8.3
3,2015-01-15 11:45:29,2015-01-15 11:54:27,-73.97122955322266,40.763816833496094,-73.96097564697266,40.75753021240234,8.3
2,2015-01-17 23:20:07,2015-01-17 23:34:12,-73.9881820678711,40.749141693115234,-73.94778442382812,40.780437469482415,14.8
1,2015-01-26 12:44:44,2015-01-26 12:48:10,-74.0027084350586,40.739444732666016,-73.99656677246092,40.744537353515625,6.36
1,2015-01-16 23:34:22,2015-01-16 23:41:34,-73.98558044433594,40.72719192504882,-73.97295379638672,40.74763870239258,11.0
1,2015-01-15 18:24:51,2015-01-15 18:30:19,-73.99929809570312,40.734073638916016,-74.00613403320312,40.743701934814446,9.35
2,2015-01-19 19:42:29,2015-01-19 19:56:56,-73.99387359619139,40.75128173828125,-74.01646423339844,40.70641326904297,19.4
1,2015-01-20 11:54:53,2015-01-20 11:59:24,-73.9686050415039,40.76752853393555,-73.95877075195312,40.777870178222656,7.56
4,2015-01-08 09:34:18,2015-01-08 09:44:12,-73.96431732177734,40.76362991333008,-73.97543334960938,40.754661560058594,9.8
1,2015-01-11 22:19:24,2015-01-11 22:29:22,-73.98724365234375,40.73306655883789,-73.96202850341797,40.770374298095696,14.6
5,2015-01-27 22:23:09,2015-01-27 22:31:21,-73.98529052734375,40.76187133789063,-73.98506927490233,40.7469482421875,9.3
1,2015-01-05 21:31:12,2015-01-05 21:40:49,-73.99044799804686,40.75653076171875,-73.9765625,40.78556823730469,12.3
1,2015-01-02 18:55:51,2015-01-02 18:59:44,-73.96932220458984,40.798282623291016,-73.97804260253906,40.78662109375,9.25
1,2015-01-25 02:06:22,2015-01-25 02:24:38,-73.987060546875,40.759475708007805,-74.00393676757811,40.70765686035156,20.76
1,2015-01-29 15:48:25,2015-01-29 15:48:31,-73.98690795898438,40.776565551757805,-73.98712921142578,40.77632522583008,3.3
1,2015-01-11 04:15:54,2015-01-11 04:25:20,-73.99356842041014,40.72140121459961,-74.00678253173827,40.70824813842773,9.8
1,2015-01-21 11:14:56,2015-01-21 11:41:08,-73.97100067138672,40.790130615234375,-74.00760650634764,40.74359130859375,25.4
1,2015-01-02 05:40:49,2015-01-02 06:21:23,-73.78104400634764,40.64507293701172,-73.96558380126953,40.803836822509766,67.13
1,2015-01-28 21:05:54,2015-01-28 21:16:13,-73.99468994140625,40.73476791381836,-74.01636505126953,40.71683120727539,13.55
1,2015-01-16 14:39:35,2015-01-16 14:53:59,-73.977783203125,40.75750732421875,-74.00392150878906,40.75299072265625,14.15
2,2015-01-14 13:33:48,2015-01-14 13:46:22,-73.97077941894531,40.75864028930664,-73.98918914794923,40.74197006225586,10.8
1,2015-01-25 00:10:21,2015-01-25 00:13:14,-73.99506378173827,40.72525024414063,-73.98988342285155,40.733306884765625,5.3
1,2015-01-10 09:35:18,2015-01-10 09:42:44,-73.9690704345703,40.798118591308594,-73.98206329345702,40.77919387817384,8.8
1,2015-01-11 21:44:35,2015-01-11 21:51:05,-74.00782775878906,40.71498489379882,-73.99026489257811,40.737979888916016,9.3
1,2015-01-07 19:50:05,2015-01-07 19:54:56,-73.97557067871092,40.73316192626953,-73.97471618652342,40.74430847167969,9.35
6,2015-01-10 20:27:11,2015-01-10 20:33:29,-73.9996795654297,40.73291015625,-73.99582672119139,40.744190216064446,8.6
1,2015-01-14 09:43:04,2015-01-14 09:57:41,-73.94505310058594,40.783180236816406,-73.97048950195312,40.759868621826165,13.3
1,2015-01-20 21:46:47,2015-01-20 21:57:16,-73.98595428466798,40.740760803222656,-73.94418334960938,40.745071411132805,23.57
3,2015-01-29 08:39:16,2015-01-29 08:47:17,-73.97044372558594,40.75238037109375,-73.98017120361328,40.75490188598633,8.3
1,2015-01-13 16:17:21,2015-01-13 16:22:28,-73.98053741455078,40.74525833129882,-73.99005126953125,40.73825454711913,7.3
1,2015-01-22 10:56:08,2015-01-22 11:03:02,-73.9925308227539,40.73714065551758,-74.00389099121092,40.73477935791016,8.8
5,2015-01-03 08:00:08,2015-01-03 08:02:27,-73.9820785522461,40.74327850341797,-73.99017333984375,40.73701095581056,5.8
1,2015-01-02 01:37:10,2015-01-02 01:40:53,-73.9871597290039,40.69356155395508,-73.9783935546875,40.696075439453125,6.3
2,2015-01-30 09:49:51,2015-01-30 10:17:50,-73.95871734619139,40.764041900634766,-73.9906234741211,40.75069046020508,28.8
1,2015-01-02 15:32:05,2015-01-02 15:33:10,-73.97020721435547,40.76537704467773,-73.96675872802734,40.769996643066406,4.55
1,2015-01-18 16:50:25,2015-01-18 17:01:39,-73.9664306640625,40.767669677734375,-73.980224609375,40.789897918701165,11.3
1,2015-01-06 22:55:50,2015-01-06 23:00:49,-73.98649597167967,40.74120330810546,-73.99610900878906,40.73247528076172,8.3
1,2015-01-23 15:08:14,2015-01-23 15:21:47,-73.99114227294923,40.752979278564446,-73.96981048583984,40.76287841796875,10.8
1,2015-01-30 14:37:22,2015-01-30 14:57:42,-73.96759796142578,40.7636604309082,-73.992431640625,40.75062561035156,16.3
1,2015-01-19 21:29:41,2015-01-19 21:41:00,-73.98319244384764,40.747417449951165,-73.9427719116211,40.785957336425774,18.96
1,2015-01-01 12:58:19,2015-01-01 13:00:18,-73.98954772949219,40.74142837524414,-73.9962158203125,40.73233795166016,4.8
1,2015-01-18 10:23:09,2015-01-18 10:31:50,-73.99171447753906,40.72621154785156,-73.986572265625,40.70221328735352,12.35
1,2015-01-29 06:05:56,2015-01-29 06:12:07,-73.96636199951173,40.75791931152344,-73.98794555664062,40.756797790527344,9.35
1,2015-01-10 07:55:28,2015-01-10 08:03:19,-73.97315979003906,40.74842071533203,-73.97177886962889,40.76536560058594,10.3
6,2015-01-09 16:06:28,2015-01-09 16:23:07,-73.96262359619139,40.77644348144531,-73.97755432128906,40.758033752441406,15.8
2,2015-01-13 20:49:15,2015-01-13 20:58:59,-73.989990234375,40.74714279174805,-73.97052001953125,40.75616455078125,9.8
4,2015-01-23 21:01:11,2015-01-23 21:04:58,-73.99683380126953,40.74215698242188,-73.98873138427734,40.74471282958984,6.96
1,2015-01-18 06:33:48,2015-01-18 06:36:38,-73.96625518798828,40.76195907592773,-73.95975494384764,40.7769889831543,6.3
1,2015-01-30 18:45:22,2015-01-30 19:10:52,-73.99015045166014,40.73703002929688,-73.97868347167967,40.78516006469727,24.36
2,2015-01-02 04:01:16,2015-01-02 04:17:45,-74.0009765625,40.736759185791016,-73.95511627197266,40.8198471069336,28.2
2,2015-01-16 18:39:39,2015-01-16 18:52:14,-74.01295471191406,40.708152770996094,-74.00662231445312,40.730499267578125,14.0
2,2015-01-14 19:07:55,2015-01-14 19:17:34,-73.99149322509764,40.732547760009766,-74.00630950927734,40.739700317382805,9.3
1,2015-01-20 19:17:59,2015-01-20 19:28:09,-73.98439025878906,40.75946807861328,-73.97960662841797,40.7463264465332,11.76
1,2015-01-29 10:26:01,2015-01-29 10:31:09,-73.9678192138672,40.79222106933594,-73.98109436035155,40.774051666259766,8.75
1,2015-01-14 14:54:24,2015-01-14 15:05:12,-74.01555633544923,40.70486068725586,-74.00701141357422,40.708274841308594,9.8
1,2015-01-29 08:20:59,2015-01-29 08:37:44,-74.00517272949219,40.74095916748047,-73.97767639160156,40.76477813720703,16.56
1,2015-01-27 16:52:57,2015-01-27 16:56:32,-73.95651245117188,40.78155517578125,-73.9602813720703,40.77581024169922,7.55
1,2015-01-09 18:17:54,2015-01-09 18:52:32,-73.96047973632812,40.77584838867188,-73.99718475341797,40.72230529785156,24.8
5,2015-01-31 02:06:23,2015-01-31 02:33:00,-73.97245788574217,40.76163864135742,-73.94049072265625,40.67382049560546,29.8
1,2015-01-22 08:57:35,2015-01-22 09:23:45,-73.95173645019531,40.78144073486328,-73.97663879394531,40.75053024291992,17.8
1,2015-01-12 06:39:08,2015-01-12 07:00:26,-74.01662445068358,40.70945739746094,-73.97106170654298,40.75687789916992,22.3
1,2015-01-02 10:25:14,2015-01-02 10:39:34,-73.99212646484375,40.7498893737793,-73.98725891113281,40.75954818725586,10.8
6,2015-01-08 19:06:28,2015-01-08 19:11:11,-73.98893737792967,40.74342346191406,-73.98997497558594,40.737640380859375,7.8
4,2015-01-01 05:07:37,2015-01-01 05:20:55,-73.98286437988281,40.765167236328125,-73.97821044921875,40.72622680664063,17.6
1,2015-01-23 12:42:02,2015-01-23 12:46:37,-73.99523162841797,40.72494888305664,-73.98371124267578,40.72140884399414,6.95
4,2015-01-18 03:07:34,2015-01-18 03:30:10,-73.99237823486328,40.71506118774414,-73.9224853515625,40.706356048583984,23.3
2,2015-01-28 22:05:38,2015-01-28 22:24:05,-73.9782943725586,40.766544342041016,-73.91325378417967,40.765892028808594,17.8
1,2015-01-01 00:14:57,2015-01-01 00:33:01,-73.96184539794923,40.720306396484375,-73.9149169921875,40.77524185180664,24.2
5,2015-01-31 00:02:55,2015-01-31 00:19:14,-73.99415588378906,40.74642181396485,-73.95389556884764,40.7754364013672,15.8
2,2015-01-31 22:32:48,2015-01-31 23:15:28,-73.99855804443358,40.72465133666992,-73.95630645751953,40.65522003173828,36.35
1,2015-01-13 20:51:28,2015-01-13 21:02:55,-74.0106201171875,40.70919036865234,-73.97390747070312,40.73784637451172,16.3
1,2015-01-05 14:47:55,2015-01-05 14:51:16,-73.96513366699219,40.76338577270508,-73.95758819580078,40.77382278442384,5.3
2,2015-01-22 16:11:18,2015-01-22 16:39:40,-74.00556182861328,40.70718383789063,-73.98545074462889,40.75835418701172,29.8
1,2015-01-01 04:03:11,2015-01-01 04:14:42,-73.98278045654298,40.77867889404297,-73.94293212890625,40.80913543701172,13.3
1,2015-01-25 07:41:21,2015-01-25 07:47:48,-73.96443939208984,40.79159164428711,-73.93949127197266,40.80413055419922,11.16
1,2015-01-25 19:07:02,2015-01-25 19:14:38,-73.98457336425781,40.73678207397461,-73.96841430664062,40.75621795654297,8.8
1,2015-01-20 19:20:43,2015-01-20 19:28:40,-73.96180725097656,40.77658081054688,-73.97535705566406,40.76548004150391,11.16
1,2015-01-21 20:53:15,2015-01-21 21:05:17,-74.01181030273438,40.71394348144531,-73.99645233154298,40.74358749389648,14.3
1,2015-01-04 01:46:19,2015-01-04 01:53:29,-73.9876708984375,40.73249053955078,-73.98529815673827,40.7205810546875,8.3
2,2015-01-15 01:06:06,2015-01-15 01:15:15,-74.00828552246092,40.73682022094727,-73.98359680175781,40.76590347290039,12.3
1,2015-01-25 07:13:27,2015-01-25 07:25:49,-73.97676849365233,40.75195693969727,-73.99582672119139,40.76932144165039,13.55
1,2015-01-07 17:23:31,2015-01-07 17:32:56,-73.99078369140625,40.734130859375,-73.97262573242188,40.75337600708008,10.8
1,2015-01-07 09:52:24,2015-01-07 10:09:16,-73.95521545410156,40.77359008789063,-74.01260375976561,40.715179443359375,29.75
2,2015-01-03 15:53:03,2015-01-03 16:01:05,-73.97747039794923,40.764026641845696,-73.96617889404298,40.76507568359375,9.1
1,2015-01-06 14:30:52,2015-01-06 14:44:05,-73.96340942382812,40.76861953735352,-73.98020935058595,40.78557968139648,14.75
1,2015-01-10 18:36:11,2015-01-10 18:48:51,-73.94483947753906,40.7800407409668,-73.97356414794923,40.78714370727539,11.3
5,2015-01-21 20:43:03,2015-01-21 21:17:08,-73.9934844970703,40.7392578125,-73.9621810913086,40.67627716064453,36.36
